<annotation>
	<folder>train</folder>
	<filename>b (14).jpg</filename>
	<path>C:\Users\achil\Downloads\Reconnaissancce de Forme\Preparation\images\train\b (14).jpg</path>
	<source>
		<database>Unknown</database>
	</source>
	<size>
		<width>700</width>
		<height>500</height>
		<depth>3</depth>
	</size>
	<segmented>0</segmented>
	<object>
		<name>Je taime</name>
		<pose>Unspecified</pose>
		<truncated>0</truncated>
		<difficult>0</difficult>
		<bndbox>
			<xmin>313</xmin>
			<ymin>188</ymin>
			<xmax>456</xmax>
			<ymax>330</ymax>
		</bndbox>
	</object>
</annotation>
