<annotation>
	<folder>train</folder>
	<filename>m (15).jpg</filename>
	<path>C:\Users\achil\Downloads\Reconnaissancce de Forme\Preparation\images\train\m (15).jpg</path>
	<source>
		<database>Unknown</database>
	</source>
	<size>
		<width>700</width>
		<height>500</height>
		<depth>3</depth>
	</size>
	<segmented>0</segmented>
	<object>
		<name>merci beaucoup</name>
		<pose>Unspecified</pose>
		<truncated>0</truncated>
		<difficult>0</difficult>
		<bndbox>
			<xmin>125</xmin>
			<ymin>324</ymin>
			<xmax>531</xmax>
			<ymax>475</ymax>
		</bndbox>
	</object>
</annotation>
