<annotation>
	<folder>merci</folder>
	<filename>m (11).jpg</filename>
	<path>C:\Users\achil\Downloads\Reconnaissancce de Forme\image\merci\m (11).jpg</path>
	<source>
		<database>Unknown</database>
	</source>
	<size>
		<width>700</width>
		<height>500</height>
		<depth>3</depth>
	</size>
	<segmented>0</segmented>
	<object>
		<name>merci beaucoup</name>
		<pose>Unspecified</pose>
		<truncated>0</truncated>
		<difficult>0</difficult>
		<bndbox>
			<xmin>173</xmin>
			<ymin>338</ymin>
			<xmax>580</xmax>
			<ymax>452</ymax>
		</bndbox>
	</object>
</annotation>
