<annotation>
	<folder>non</folder>
	<filename>n (14).jpg</filename>
	<path>C:\Users\achil\Downloads\Reconnaissancce de Forme\image\non\n (14).jpg</path>
	<source>
		<database>Unknown</database>
	</source>
	<size>
		<width>700</width>
		<height>500</height>
		<depth>3</depth>
	</size>
	<segmented>0</segmented>
	<object>
		<name>no</name>
		<pose>Unspecified</pose>
		<truncated>0</truncated>
		<difficult>0</difficult>
		<bndbox>
			<xmin>221</xmin>
			<ymin>238</ymin>
			<xmax>411</xmax>
			<ymax>495</ymax>
		</bndbox>
	</object>
</annotation>
