<annotation>
	<folder>train</folder>
	<filename>n (6).jpg</filename>
	<path>C:\Users\achil\Downloads\Reconnaissancce de Forme\Preparation\images\train\n (6).jpg</path>
	<source>
		<database>Unknown</database>
	</source>
	<size>
		<width>700</width>
		<height>500</height>
		<depth>3</depth>
	</size>
	<segmented>0</segmented>
	<object>
		<name>no</name>
		<pose>Unspecified</pose>
		<truncated>0</truncated>
		<difficult>0</difficult>
		<bndbox>
			<xmin>315</xmin>
			<ymin>205</ymin>
			<xmax>436</xmax>
			<ymax>398</ymax>
		</bndbox>
	</object>
</annotation>
