<annotation>
	<folder>non</folder>
	<filename>n (7).jpg</filename>
	<path>C:\Users\achil\Downloads\Reconnaissancce de Forme\image\non\n (7).jpg</path>
	<source>
		<database>Unknown</database>
	</source>
	<size>
		<width>700</width>
		<height>500</height>
		<depth>3</depth>
	</size>
	<segmented>0</segmented>
	<object>
		<name>no</name>
		<pose>Unspecified</pose>
		<truncated>0</truncated>
		<difficult>0</difficult>
		<bndbox>
			<xmin>318</xmin>
			<ymin>189</ymin>
			<xmax>440</xmax>
			<ymax>400</ymax>
		</bndbox>
	</object>
</annotation>
