<annotation>
	<folder>resistance</folder>
	<filename>r (36).jpg</filename>
	<path>C:\Users\achil\Downloads\Reconnaissancce de Forme\image\resistance\r (36).jpg</path>
	<source>
		<database>Unknown</database>
	</source>
	<size>
		<width>700</width>
		<height>500</height>
		<depth>3</depth>
	</size>
	<segmented>0</segmented>
	<object>
		<name>resistance</name>
		<pose>Unspecified</pose>
		<truncated>0</truncated>
		<difficult>0</difficult>
		<bndbox>
			<xmin>418</xmin>
			<ymin>223</ymin>
			<xmax>574</xmax>
			<ymax>375</ymax>
		</bndbox>
	</object>
</annotation>
