<annotation>
	<folder>resistance</folder>
	<filename>r (37).jpg</filename>
	<path>C:\Users\achil\Downloads\Reconnaissancce de Forme\image\resistance\r (37).jpg</path>
	<source>
		<database>Unknown</database>
	</source>
	<size>
		<width>700</width>
		<height>500</height>
		<depth>3</depth>
	</size>
	<segmented>0</segmented>
	<object>
		<name>resistance</name>
		<pose>Unspecified</pose>
		<truncated>0</truncated>
		<difficult>0</difficult>
		<bndbox>
			<xmin>462</xmin>
			<ymin>124</ymin>
			<xmax>632</xmax>
			<ymax>288</ymax>
		</bndbox>
	</object>
</annotation>
