<annotation>
	<folder>train</folder>
	<filename>s (24).jpg</filename>
	<path>C:\Users\achil\Downloads\Reconnaissancce de Forme\Preparation\images\train\s (24).jpg</path>
	<source>
		<database>Unknown</database>
	</source>
	<size>
		<width>700</width>
		<height>500</height>
		<depth>3</depth>
	</size>
	<segmented>0</segmented>
	<object>
		<name>salut</name>
		<pose>Unspecified</pose>
		<truncated>0</truncated>
		<difficult>0</difficult>
		<bndbox>
			<xmin>196</xmin>
			<ymin>52</ymin>
			<xmax>466</xmax>
			<ymax>476</ymax>
		</bndbox>
	</object>
</annotation>
