<annotation>
	<folder>salut</folder>
	<filename>s (36).jpg</filename>
	<path>C:\Users\achil\Downloads\Reconnaissancce de Forme\image\salut\s (36).jpg</path>
	<source>
		<database>Unknown</database>
	</source>
	<size>
		<width>700</width>
		<height>500</height>
		<depth>3</depth>
	</size>
	<segmented>0</segmented>
	<object>
		<name>salut</name>
		<pose>Unspecified</pose>
		<truncated>0</truncated>
		<difficult>0</difficult>
		<bndbox>
			<xmin>266</xmin>
			<ymin>133</ymin>
			<xmax>461</xmax>
			<ymax>398</ymax>
		</bndbox>
	</object>
</annotation>
