<annotation>
	<folder>salut</folder>
	<filename>s (32).jpg</filename>
	<path>C:\Users\achil\Downloads\Reconnaissancce de Forme\image\salut\s (32).jpg</path>
	<source>
		<database>Unknown</database>
	</source>
	<size>
		<width>700</width>
		<height>500</height>
		<depth>3</depth>
	</size>
	<segmented>0</segmented>
	<object>
		<name>salut</name>
		<pose>Unspecified</pose>
		<truncated>1</truncated>
		<difficult>0</difficult>
		<bndbox>
			<xmin>81</xmin>
			<ymin>194</ymin>
			<xmax>453</xmax>
			<ymax>500</ymax>
		</bndbox>
	</object>
</annotation>
