<annotation>
	<folder>oui</folder>
	<filename>v (13).jpg</filename>
	<path>C:\Users\achil\Downloads\Reconnaissancce de Forme\image\oui\v (13).jpg</path>
	<source>
		<database>Unknown</database>
	</source>
	<size>
		<width>700</width>
		<height>500</height>
		<depth>3</depth>
	</size>
	<segmented>0</segmented>
	<object>
		<name>oui</name>
		<pose>Unspecified</pose>
		<truncated>0</truncated>
		<difficult>0</difficult>
		<bndbox>
			<xmin>263</xmin>
			<ymin>143</ymin>
			<xmax>441</xmax>
			<ymax>308</ymax>
		</bndbox>
	</object>
</annotation>
