<annotation>
	<folder>oui</folder>
	<filename>v (14).jpg</filename>
	<path>C:\Users\achil\Downloads\Reconnaissancce de Forme\image\oui\v (14).jpg</path>
	<source>
		<database>Unknown</database>
	</source>
	<size>
		<width>700</width>
		<height>500</height>
		<depth>3</depth>
	</size>
	<segmented>0</segmented>
	<object>
		<name>oui</name>
		<pose>Unspecified</pose>
		<truncated>0</truncated>
		<difficult>0</difficult>
		<bndbox>
			<xmin>131</xmin>
			<ymin>170</ymin>
			<xmax>268</xmax>
			<ymax>438</ymax>
		</bndbox>
	</object>
</annotation>
