<annotation>
	<folder>oui</folder>
	<filename>v (38).jpg</filename>
	<path>C:\Users\achil\Downloads\Reconnaissancce de Forme\image\oui\v (38).jpg</path>
	<source>
		<database>Unknown</database>
	</source>
	<size>
		<width>700</width>
		<height>500</height>
		<depth>3</depth>
	</size>
	<segmented>0</segmented>
	<object>
		<name>oui</name>
		<pose>Unspecified</pose>
		<truncated>0</truncated>
		<difficult>0</difficult>
		<bndbox>
			<xmin>344</xmin>
			<ymin>233</ymin>
			<xmax>569</xmax>
			<ymax>496</ymax>
		</bndbox>
	</object>
</annotation>
